1998 jeep wrangler ,2001 ford explorer 
"{'fuel injector': {'data': [26, 28, 61, 122, 70, 76, 99, 94, 31, 29, 149, 149, 249, 165, 159, 169, 5169, 5219, 56, 45, 165, 24, 154, 149, 149, 249, 40, 32, 64, 46, 51, 75, 149, 149, 75, 139, 28, 28, 35, 39, 48, 57, 26, 53, 38, 65, 62, 65, 125, 5199, 165, 159, 75, 32, 37, 79, 65, 28, 160, 169, 5169, 556, 38, 62, 65, 140, 149, 166, 23, 51, 64, 6, 78, 35, 38, 60, 40, 50, 99, 9, 66, 85, 89, 61, 122, 259, 24, 219, 125], 'max': 5219, 'min': 6, 'mean': 322.02247191011236, 'median': 66, 'buy': 7, 'dif': 59}, 'window wiper': {'data': [20, 52, 41, 544, 513, 39, 6, 7, 3, 13, 14, 64, 20, 41, 533, 22, 22, 22, 20, 22, 22, 57, 37, 6, 6, 12, 33, 39, 22, 65, 71, 39, 12, 12, 13, 13, 12, 7, 36, 11, 39, 38, 12, 12, 13, 39, 22, 20, 52, 29, 32, 65, 69, 13, 19, 13, 15, 38, 13, 19, 15, 15, 9, 13, 33, 42, 35, 10, 13, 7, 4, 3, 10, 18, 9, 11, 12, 13, 9, 3, 26, 31, 22, 31, 34, 10, 10, 15, 18, 34, 32, 22, 32, 21, 22], 'max': 544, 'min': 3, 'mean': 39.56842105263158, 'median': 20, 'buy': 5, 'dif': 15}}","{'fuel injector': {'data': [46, 55, 41, 82, 38, 78, 41, 63, 51, 37, 35, 37, 80, 5179, 37, 99, 5159, 5147, 42, 44, 35, 105, 125, 38, 78, 38, 112, 126, 1150, 179, 109, 519, 2, 28, 58, 44, 52, 30, 54, 0, 12, 2, 8, 29, 52, 63, 38, 40, 50, 45, 99, 538, 77, 159, 542, 47, 80, 46, 47, 51, 37, 41, 79, 147, 150, 10, 129, 199, 10, 179, 26, 31, 44, 74, 36, 49, 38, 13, 14, 219, 149, 6, 9, 20, 170, 49, 179, 22, 207, 35, 37], 'max': 5179, 'min': 0, 'mean': 260.5054945054945, 'median': 49, 'buy': 7, 'dif': 42}, 'window wiper': {'data': [29, 28, 29, 6, 7, 11, 8, 5, 14, 17, 29, 6, 55, 512, 11, 6, 7, 11, 55, 57, 16, 5, 34, 28, 22, 24, 39, 5, 5, 17, 10, 12, 5, 8, 5, 6, 39, 5, 11, 3, 55, 11, 7, 6, 7, 6, 15, 17, 20, 7, 37, 49, 20, 6, 7, 39, 5, 59, 4, 6, 5, 40, 5, 5, 5, 5, 5, 4, 13, 14, 13, 14, 5, 5, 9, 12, 156, 11, 6, 7], 'max': 512, 'min': 3, 'mean': 24.05, 'median': 11.0, 'buy': 5, 'dif': 6.0}}"
